year,month,day,dep_time,sched_dep_time,dep_delay,arr_time,sched_arr_time,arr_delay,carrier,flight,tailnum,origin,dest,air_time,distance,hour,minute,time_hour
2013,10,5,1513,1510,3,1710,1736,-26,UA,578,N469UA,EWR,LAS,276,2227,15,10,2013-10-05T19:00:00Z
2013,4,23,33,2255,98,147,11,96,B6,30,N304JB,JFK,ROC,53,264,22,55,2013-04-24T02:00:00Z
2013,10,5,1931,1940,-9,2041,2100,-19,EV,5714,N833AS,JFK,IAD,44,228,19,40,2013-10-05T23:00:00Z
2013,4,9,1150,1154,-4,1421,1420,1,FL,347,N285AT,LGA,ATL,109,762,11,54,2013-04-09T15:00:00Z
2013,5,9,1809,1745,24,2012,2021,-9,DL,884,N363NW,LGA,DEN,214,1620,17,45,2013-05-09T21:00:00Z
2013,1,3,1000,1005,-5,1215,1303,-48,DL,1529,N375DA,JFK,LAS,288,2248,10,5,2013-01-03T15:00:00Z
2013,5,18,808,815,-7,1006,1015,-9,DL,2119,N331NW,LGA,MSP,153,1020,8,15,2013-05-18T12:00:00Z
2013,8,11,1357,1359,-2,1626,1638,-12,UA,1740,N76504,EWR,IAH,187,1400,13,59,2013-08-11T17:00:00Z
2013,6,5,652,700,-8,808,830,-22,UA,1430,N78509,LGA,ORD,112,733,7,0,2013-06-05T11:00:00Z
2013,10,15,1515,1515,0,1715,1724,-9,EV,4181,N11127,EWR,MCI,151,1092,15,15,2013-10-15T19:00:00Z
2013,7,9,NA,1825,NA,NA,2005,NA,MQ,3134,N500MQ,EWR,ORD,NA,719,18,25,2013-07-09T22:00:00Z
2013,12,28,1329,1330,-1,1755,1814,-19,B6,103,N630JB,JFK,SJU,187,1598,13,30,2013-12-28T18:00:00Z
2013,10,31,1155,1200,-5,1453,1506,-13,DL,423,N722TW,JFK,LAX,322,2475,12,0,2013-10-31T16:00:00Z
2013,12,5,1941,1600,221,2106,1745,201,9E,4215,N903XJ,LGA,PIT,61,335,16,0,2013-12-05T21:00:00Z
2013,8,22,711,630,41,907,831,36,EV,4150,N16987,EWR,CVG,91,569,6,30,2013-08-22T10:00:00Z
2013,2,1,710,725,-15,1006,1035,-29,AS,11,N551AS,EWR,SEA,323,2402,7,25,2013-02-01T12:00:00Z
2013,5,30,1725,1550,95,2015,1900,75,AA,763,N3AJAA,LGA,DFW,196,1389,15,50,2013-05-30T19:00:00Z
2013,5,24,2218,2059,79,2358,2256,62,EV,4368,N18556,EWR,DAY,81,533,20,59,2013-05-25T00:00:00Z
2013,7,4,1350,1300,50,1603,1519,44,EV,5148,N137EV,EWR,ATL,113,746,13,0,2013-07-04T17:00:00Z
2013,2,15,1316,1315,1,1512,1504,8,US,1597,N564UW,EWR,CLT,92,529,13,15,2013-02-15T18:00:00Z
2013,9,17,553,602,-9,825,852,-27,UA,1115,N27733,EWR,TPA,131,997,6,2,2013-09-17T10:00:00Z
2013,2,10,1230,1200,30,1506,1430,36,MQ,4658,N515MQ,LGA,ATL,114,762,12,0,2013-02-10T17:00:00Z
2013,12,2,827,830,-3,943,1005,-22,MQ,3433,N0EGMQ,LGA,BNA,108,764,8,30,2013-12-02T13:00:00Z
2013,4,24,1251,1255,-4,1404,1416,-12,B6,66,N178JB,JFK,BUF,61,301,12,55,2013-04-24T16:00:00Z
2013,8,12,1146,1153,-7,1404,1421,-17,EV,4679,N15985,EWR,JAX,116,820,11,53,2013-08-12T15:00:00Z
2013,5,20,758,800,-2,1044,1135,-51,AA,59,N320AA,JFK,SFO,315,2586,8,0,2013-05-20T12:00:00Z
2013,7,5,1339,1345,-6,1611,1635,-24,AA,753,N3CWAA,LGA,DFW,193,1389,13,45,2013-07-05T17:00:00Z
2013,4,15,1106,1115,-9,1345,1406,-21,DL,695,N976DL,JFK,MCO,127,944,11,15,2013-04-15T15:00:00Z
2013,10,24,1928,1900,28,2034,2025,9,WN,490,N759GS,LGA,MKE,106,738,19,0,2013-10-24T23:00:00Z
2013,7,30,1944,1755,109,2257,2120,97,AA,177,N320AA,JFK,SFO,342,2586,17,55,2013-07-30T21:00:00Z
2013,6,23,1823,1830,-7,2135,2140,-5,B6,305,N703JB,EWR,FLL,153,1065,18,30,2013-06-23T22:00:00Z
2013,11,15,802,812,-10,1022,1029,-7,EV,4111,N26545,EWR,CHS,102,628,8,12,2013-11-15T13:00:00Z
2013,9,2,904,909,-5,1144,1155,-11,UA,1410,N78285,EWR,IAH,192,1400,9,9,2013-09-02T13:00:00Z
2013,8,13,1435,1359,36,1806,1724,42,DL,1565,N727TW,JFK,SFO,356,2586,13,59,2013-08-13T17:00:00Z
2013,5,27,1857,1900,-3,2131,2159,-28,DL,2159,N390DA,JFK,MCO,120,944,19,0,2013-05-27T23:00:00Z
2013,9,15,828,829,-1,1127,1151,-24,UA,1287,N14228,EWR,SFO,342,2565,8,29,2013-09-15T12:00:00Z
2013,9,18,959,1000,-1,1301,1304,-3,UA,1228,N81449,EWR,LAX,316,2454,10,0,2013-09-18T14:00:00Z
2013,5,14,NA,1329,NA,NA,1445,NA,EV,4281,N11536,EWR,BTV,NA,266,13,29,2013-05-14T17:00:00Z
2013,8,7,1926,1930,-4,2303,2248,15,B6,71,N593JB,JFK,SLC,284,1990,19,30,2013-08-07T23:00:00Z
2013,10,23,2232,2245,-13,2330,2353,-23,B6,234,N192JB,JFK,BTV,43,266,22,45,2013-10-24T02:00:00Z
2013,12,19,1100,1100,0,1334,1358,-24,DL,405,N977DL,JFK,MCO,130,944,11,0,2013-12-19T16:00:00Z
2013,1,30,826,740,46,1030,927,63,EV,4099,N13550,EWR,STL,151,872,7,40,2013-01-30T12:00:00Z
2013,3,11,1841,1838,3,2056,2104,-8,UA,390,N843UA,EWR,DEN,225,1605,18,38,2013-03-11T22:00:00Z
2013,3,14,951,955,-4,1201,1220,-19,MQ,4654,N5PBMQ,LGA,ATL,106,762,9,55,2013-03-14T13:00:00Z
2013,3,28,2120,2100,20,2339,2315,24,EV,3817,N36915,EWR,SDF,107,642,21,0,2013-03-29T01:00:00Z
2013,3,9,944,945,-1,1239,1300,-21,DL,1903,N920DL,LGA,SRQ,142,1047,9,45,2013-03-09T14:00:00Z
2013,5,27,658,705,-7,937,1009,-32,DL,1879,N370NW,LGA,FLL,145,1076,7,5,2013-05-27T11:00:00Z
2013,7,2,1926,1930,-4,2120,2200,-40,EV,5543,N761ND,LGA,OMA,148,1148,19,30,2013-07-02T23:00:00Z
2013,11,23,1248,1250,-2,1357,1350,7,AA,178,N3JUAA,JFK,BOS,35,187,12,50,2013-11-23T17:00:00Z
2013,11,7,1615,1600,15,1816,1824,-8,9E,2917,N924XJ,JFK,DTW,90,509,16,0,2013-11-07T21:00:00Z
2013,1,11,602,608,-6,729,755,-26,UA,963,N837UA,EWR,CLE,64,404,6,8,2013-01-11T11:00:00Z
2013,4,4,1558,1559,-1,1805,1814,-9,MQ,3985,N673MQ,JFK,CVG,98,589,15,59,2013-04-04T19:00:00Z
2013,1,8,1138,1144,-6,1306,1255,11,EV,4264,N22909,EWR,BTV,44,266,11,44,2013-01-08T16:00:00Z
2013,8,9,2032,1720,192,2255,1932,203,EV,6013,N17169,EWR,CVG,90,569,17,20,2013-08-09T21:00:00Z
2013,10,17,2241,2159,42,2339,2308,31,EV,5405,N612QX,LGA,SYR,37,198,21,59,2013-10-18T01:00:00Z
2013,2,23,1748,1745,3,2048,2117,-29,UA,1127,N14106,EWR,SFO,337,2565,17,45,2013-02-23T22:00:00Z
2013,8,26,1021,1025,-4,1154,1225,-31,MQ,3689,N521MQ,LGA,DTW,72,502,10,25,2013-08-26T14:00:00Z
2013,8,26,946,1000,-14,1049,1113,-24,US,2142,N950UW,LGA,BOS,37,184,10,0,2013-08-26T14:00:00Z
2013,3,13,1554,1550,4,1955,1950,5,AA,1635,N621AA,JFK,SJU,206,1598,15,50,2013-03-13T19:00:00Z
2013,3,26,1729,1730,-1,1951,1950,1,UA,504,N598UA,EWR,PHX,292,2133,17,30,2013-03-26T21:00:00Z
2013,11,14,1842,1830,12,2051,2035,16,US,425,N534UW,JFK,CLT,85,541,18,30,2013-11-14T23:00:00Z
2013,1,13,1355,1355,0,1506,1530,-24,WN,348,N784SW,LGA,MDW,117,725,13,55,2013-01-13T18:00:00Z
2013,4,16,554,600,-6,838,854,-16,B6,501,N640JB,JFK,FLL,141,1069,6,0,2013-04-16T10:00:00Z
2013,5,1,1619,1520,59,1744,1702,42,9E,3968,N8775A,JFK,ROC,49,264,15,20,2013-05-01T19:00:00Z
2013,10,13,952,959,-7,1129,1144,-15,AA,1030,N508AA,LGA,STL,118,888,9,59,2013-10-13T13:00:00Z
2013,9,17,556,600,-4,655,700,-5,US,1909,N959UW,LGA,PHL,39,96,6,0,2013-09-17T10:00:00Z
2013,4,5,932,831,61,1149,1151,-2,UA,1223,N57852,EWR,LAX,301,2454,8,31,2013-04-05T12:00:00Z
2013,3,8,1614,1605,9,1858,1939,-41,DL,1508,N915DL,JFK,RSW,139,1074,16,5,2013-03-08T21:00:00Z
2013,7,21,1648,1655,-7,1904,1900,4,US,681,N667AW,EWR,PHX,284,2133,16,55,2013-07-21T20:00:00Z
2013,9,21,2012,2015,-3,2144,2125,19,B6,418,N281JB,JFK,BOS,43,187,20,15,2013-09-22T00:00:00Z
2013,4,4,2047,2046,1,2213,2214,-1,EV,4571,N11548,EWR,MKE,117,725,20,46,2013-04-05T00:00:00Z
2013,12,12,820,830,-10,1019,1037,-18,DL,517,N325NB,EWR,MSP,157,1008,8,30,2013-12-12T13:00:00Z
2013,7,14,1557,1555,2,1828,1846,-18,UA,1087,N75429,EWR,MCO,131,937,15,55,2013-07-14T19:00:00Z
2013,10,3,2034,2029,5,2317,2337,-20,UA,1039,N76269,EWR,AUS,196,1504,20,29,2013-10-04T00:00:00Z
2013,9,19,1231,1238,-7,1341,1354,-13,EV,5132,N750EV,LGA,SYR,35,198,12,38,2013-09-19T16:00:00Z
2013,6,5,1430,1440,-10,1621,1630,-9,MQ,4429,N830MQ,LGA,CMH,79,479,14,40,2013-06-05T18:00:00Z
2013,10,11,1448,1429,19,1751,1730,21,B6,301,N594JB,JFK,FLL,142,1069,14,29,2013-10-11T18:00:00Z
2013,9,19,719,729,-10,952,1021,-29,B6,461,N583JB,LGA,PBI,132,1035,7,29,2013-09-19T11:00:00Z
2013,3,20,556,600,-4,856,911,-15,UA,1077,N24202,EWR,MIA,163,1085,6,0,2013-03-20T10:00:00Z
2013,2,1,1856,1722,94,2013,1844,89,EV,4300,N15555,EWR,RIC,55,277,17,22,2013-02-01T22:00:00Z
2013,12,5,648,650,-2,920,955,-35,AA,2493,N5EHAA,JFK,MCO,128,944,6,50,2013-12-05T11:00:00Z
2013,10,20,1349,1355,-6,1540,1542,-2,EV,4100,N14105,EWR,MEM,151,946,13,55,2013-10-20T17:00:00Z
2013,1,19,859,900,-1,1216,1227,-11,DL,120,N706TW,JFK,LAX,341,2475,9,0,2013-01-19T14:00:00Z
2013,12,10,1620,1602,18,1855,1845,10,DL,407,N311US,JFK,ATL,133,760,16,2,2013-12-10T21:00:00Z
2013,1,14,2052,2100,-8,2232,2235,-3,MQ,4507,N713MQ,LGA,RDU,71,431,21,0,2013-01-15T02:00:00Z
2013,2,16,707,710,-3,1156,1204,-8,B6,715,N805JB,JFK,SJU,208,1598,7,10,2013-02-16T12:00:00Z
2013,10,17,1054,1100,-6,1152,1215,-23,US,2144,N954UW,LGA,BOS,37,184,11,0,2013-10-17T15:00:00Z
2013,4,12,554,600,-6,841,850,-9,AA,707,N3AJAA,LGA,DFW,206,1389,6,0,2013-04-12T10:00:00Z
2013,10,25,1847,1830,17,2100,2110,-10,WN,2698,N427WN,EWR,MSY,164,1167,18,30,2013-10-25T22:00:00Z
2013,12,15,1738,1725,13,2043,2045,-2,VX,169,N626VA,EWR,LAX,335,2454,17,25,2013-12-15T22:00:00Z
2013,1,2,1519,1516,3,1833,1828,5,UA,1600,N14107,EWR,LAX,346,2454,15,16,2013-01-02T20:00:00Z
2013,6,10,1849,1730,79,2036,1904,92,B6,38,N346JB,JFK,ROC,51,264,17,30,2013-06-10T21:00:00Z
2013,10,10,1707,1515,112,1849,1724,85,EV,4181,N12201,EWR,MCI,146,1092,15,15,2013-10-10T19:00:00Z
2013,10,16,1422,1415,7,1659,1704,-5,UA,1232,N78506,EWR,IAH,197,1400,14,15,2013-10-16T18:00:00Z
2013,10,14,1502,1500,2,1749,1802,-13,UA,1483,N77530,EWR,AUS,202,1504,15,0,2013-10-14T19:00:00Z
2013,12,24,701,710,-9,842,840,2,B6,2702,N729JB,JFK,BUF,59,301,7,10,2013-12-24T12:00:00Z
2013,7,12,1637,1630,7,1844,1845,-1,MQ,3556,N735MQ,LGA,DTW,79,502,16,30,2013-07-12T20:00:00Z
2013,3,15,1426,1430,-4,1600,1623,-23,EV,4943,N718EV,LGA,RDU,69,431,14,30,2013-03-15T18:00:00Z
2013,5,24,756,801,-5,905,917,-12,EV,3843,N13958,EWR,BTV,43,266,8,1,2013-05-24T12:00:00Z
2013,12,22,1722,1636,46,2036,2026,10,UA,1284,N81449,EWR,SFO,355,2565,16,36,2013-12-22T21:00:00Z
2013,5,8,1252,1159,53,1549,1459,50,DL,1174,N961DL,LGA,PBI,144,1035,11,59,2013-05-08T15:00:00Z
2013,8,14,1707,1530,97,2105,1850,135,DL,95,N173DZ,JFK,LAX,342,2475,15,30,2013-08-14T19:00:00Z
2013,11,1,656,659,-3,936,955,-19,UA,537,N430UA,EWR,PBI,144,1023,6,59,2013-11-01T10:00:00Z
2013,3,4,1453,1500,-7,1607,1619,-12,US,2179,N752US,LGA,DCA,47,214,15,0,2013-03-04T20:00:00Z
2013,11,15,1446,1450,-4,1634,1616,18,9E,2940,N8554A,JFK,BWI,37,184,14,50,2013-11-15T19:00:00Z
2013,1,19,538,540,-2,1009,1017,-8,B6,725,N779JB,JFK,BQN,193,1576,5,40,2013-01-19T10:00:00Z
2013,2,18,610,610,0,908,915,-7,AA,1837,N3JRAA,LGA,MIA,151,1096,6,10,2013-02-18T11:00:00Z
2013,12,13,1850,1815,35,2250,2127,NA,9E,2915,N604LR,JFK,DFW,NA,1391,18,15,2013-12-13T23:00:00Z
2013,4,8,837,845,-8,1030,1047,-17,US,1429,N716UW,LGA,CLT,80,544,8,45,2013-04-08T12:00:00Z
2013,2,4,1720,1729,-9,2033,2046,-13,DL,1185,N391DA,EWR,SLC,286,1969,17,29,2013-02-04T22:00:00Z
2013,10,5,1214,1215,-1,1504,1510,-6,AA,1143,N3GKAA,LGA,DFW,191,1389,12,15,2013-10-05T16:00:00Z
2013,11,7,NA,1358,NA,NA,1555,NA,EV,4100,N11548,EWR,MEM,NA,946,13,58,2013-11-07T18:00:00Z
2013,7,27,804,805,-1,945,949,-4,9E,3611,N8631E,JFK,PIT,71,340,8,5,2013-07-27T12:00:00Z
2013,10,1,2058,2059,-1,2322,2358,-36,UA,1416,N75429,EWR,MCO,126,937,20,59,2013-10-02T00:00:00Z
2013,8,2,950,955,-5,1119,1115,4,MQ,3670,N828MQ,LGA,BNA,113,764,9,55,2013-08-02T13:00:00Z
2013,6,5,925,820,65,1247,1150,57,UA,557,N563UA,EWR,SFO,344,2565,8,20,2013-06-05T12:00:00Z
2013,10,9,1256,1300,-4,1525,1526,-1,DL,1798,N358NB,EWR,ATL,104,746,13,0,2013-10-09T17:00:00Z
2013,6,28,642,644,-2,859,915,-16,UA,1506,N47414,EWR,LAS,292,2227,6,44,2013-06-28T10:00:00Z
2013,6,11,658,700,-2,823,835,-12,WN,1696,N390SW,EWR,STL,125,872,7,0,2013-06-11T11:00:00Z
2013,6,9,1115,1114,1,1227,1255,-28,EV,5273,N719EV,LGA,PIT,54,335,11,14,2013-06-09T15:00:00Z
2013,5,4,1303,1315,-12,1450,1501,-11,US,1291,N754UW,EWR,CLT,79,529,13,15,2013-05-04T17:00:00Z
2013,3,3,744,755,-11,926,1007,-41,US,1733,N559UW,LGA,CLT,83,544,7,55,2013-03-03T12:00:00Z
2013,6,29,1615,1600,15,1857,1843,14,DL,847,N961DL,LGA,ATL,113,762,16,0,2013-06-29T20:00:00Z
2013,1,17,1248,1245,3,1347,1350,-3,AA,1850,N3ERAA,JFK,BOS,34,187,12,45,2013-01-17T17:00:00Z
2013,10,8,2026,2022,4,2150,2200,-10,UA,1464,N37252,EWR,CLE,56,404,20,22,2013-10-09T00:00:00Z
2013,7,3,1143,1145,-2,1446,1358,48,DL,401,N331NB,EWR,ATL,112,746,11,45,2013-07-03T15:00:00Z
2013,12,12,745,745,0,1100,1040,20,MQ,3066,N527MQ,JFK,TPA,166,1005,7,45,2013-12-12T12:00:00Z
2013,7,7,1355,1354,1,1450,1510,-20,B6,118,N274JB,JFK,BOS,37,187,13,54,2013-07-07T17:00:00Z
2013,11,16,654,600,54,933,905,28,AA,1175,N3DGAA,LGA,MIA,144,1096,6,0,2013-11-16T11:00:00Z
2013,1,18,NA,1528,NA,NA,1640,NA,EV,3267,N12166,EWR,ORF,NA,284,15,28,2013-01-18T20:00:00Z
2013,3,6,NA,1050,NA,NA,1250,NA,MQ,4589,N519MQ,LGA,DTW,NA,502,10,50,2013-03-06T15:00:00Z
2013,6,26,1434,1440,-6,1723,1749,-26,DL,1902,N922DL,LGA,PBI,144,1035,14,40,2013-06-26T18:00:00Z
2013,8,2,1957,2000,-3,2239,2310,-31,DL,2391,N963DL,JFK,TPA,135,1005,20,0,2013-08-03T00:00:00Z
2013,8,25,1751,1755,-4,2012,2045,-33,AA,785,N3ESAA,LGA,DFW,169,1389,17,55,2013-08-25T21:00:00Z
2013,11,13,1711,1655,16,2006,2015,-9,VX,413,N848VA,JFK,LAX,319,2475,16,55,2013-11-13T21:00:00Z
2013,4,17,1454,1440,14,1805,1753,12,DL,1779,N914DE,LGA,FLL,143,1076,14,40,2013-04-17T18:00:00Z
2013,5,19,720,729,-9,950,1020,-30,B6,361,N562JB,LGA,PBI,132,1035,7,29,2013-05-19T11:00:00Z
2013,6,24,933,900,33,1038,1026,12,UA,775,N482UA,EWR,ORD,100,719,9,0,2013-06-24T13:00:00Z
2013,9,12,733,740,-7,850,900,-10,MQ,3709,N528MQ,EWR,ORD,114,719,7,40,2013-09-12T11:00:00Z
2013,7,28,626,630,-4,841,915,-34,UA,1690,N76503,LGA,IAH,182,1416,6,30,2013-07-28T10:00:00Z
2013,7,21,1707,1705,2,1903,1910,-7,AA,1711,N3EAAA,JFK,ORD,120,740,17,5,2013-07-21T21:00:00Z
2013,2,8,620,630,-10,753,800,-7,EV,4560,N11191,EWR,PIT,57,319,6,30,2013-02-08T11:00:00Z
2013,7,21,1609,1620,-11,2023,1923,60,B6,1117,N640JB,LGA,TPA,144,1010,16,20,2013-07-21T20:00:00Z
2013,10,28,1820,1830,-10,1933,1950,-17,MQ,3486,N3AEMQ,LGA,BNA,107,764,18,30,2013-10-28T22:00:00Z
2013,2,24,552,600,-8,847,901,-14,B6,371,N569JB,LGA,FLL,161,1076,6,0,2013-02-24T11:00:00Z
2013,9,9,1858,1905,-7,2125,2205,-40,AA,1691,N568AA,EWR,DFW,172,1372,19,5,2013-09-09T23:00:00Z
2013,2,25,1807,1805,2,1944,1950,-6,WN,551,N205WN,LGA,BNA,126,764,18,5,2013-02-25T23:00:00Z
2013,11,22,1441,1425,16,1708,1653,15,FL,1693,N717JL,LGA,ATL,115,762,14,25,2013-11-22T19:00:00Z
2013,12,31,1401,1408,-7,1613,1613,0,EV,4100,N26545,EWR,MEM,167,946,14,8,2013-12-31T19:00:00Z
2013,10,19,722,725,-3,850,855,-5,WN,1439,N7740A,EWR,BNA,126,748,7,25,2013-10-19T11:00:00Z
2013,11,16,1905,1855,10,2225,2230,-5,UA,1296,N38268,EWR,SFO,356,2565,18,55,2013-11-16T23:00:00Z
2013,3,15,608,610,-2,840,816,24,DL,1919,N905DA,LGA,MSP,174,1020,6,10,2013-03-15T10:00:00Z
2013,3,6,1707,1655,12,2003,2017,-14,DL,706,N353NB,JFK,AUS,204,1521,16,55,2013-03-06T21:00:00Z
2013,12,17,1912,1835,37,2317,2205,72,DL,442,N718TW,JFK,SEA,352,2422,18,35,2013-12-17T23:00:00Z
2013,1,27,1628,1630,-2,2003,2020,-17,VX,27,N853VA,JFK,SFO,372,2586,16,30,2013-01-27T21:00:00Z
2013,11,1,841,840,1,1028,1020,8,MQ,3531,N814MQ,LGA,RDU,76,431,8,40,2013-11-01T12:00:00Z
2013,10,31,1529,1529,0,1652,1700,-8,UA,1638,N38424,EWR,CLE,68,404,15,29,2013-10-31T19:00:00Z
2013,9,21,853,854,-1,1220,1213,7,B6,15,N558JB,JFK,SFO,343,2586,8,54,2013-09-21T12:00:00Z
2013,3,23,1655,1700,-5,2042,2046,-4,DL,31,N723TW,JFK,SFO,351,2586,17,0,2013-03-23T21:00:00Z
2013,3,5,1632,1557,35,1735,1720,15,UA,1116,N77296,EWR,BOS,40,200,15,57,2013-03-05T20:00:00Z
2013,5,24,1556,1555,1,1845,1813,32,DL,95,N314NB,JFK,DTW,96,509,15,55,2013-05-24T19:00:00Z
2013,6,7,1801,1729,32,2009,1930,39,EV,4382,N13956,EWR,DTW,87,488,17,29,2013-06-07T21:00:00Z
2013,10,31,1255,1226,29,1441,1418,23,EV,4640,N14953,EWR,DAY,91,533,12,26,2013-10-31T16:00:00Z
2013,4,10,1858,1900,-2,2,2256,66,DL,1465,N624AG,JFK,SFO,349,2586,19,0,2013-04-10T23:00:00Z
2013,6,9,1706,1708,-2,2022,2033,-11,UA,512,N525UA,JFK,SFO,334,2586,17,8,2013-06-09T21:00:00Z
2013,10,18,1310,1312,-2,1621,1624,-3,B6,1639,N648JB,LGA,RSW,162,1080,13,12,2013-10-18T17:00:00Z
2013,9,14,1937,1940,-3,2041,2100,-19,EV,5714,N827AS,JFK,IAD,44,228,19,40,2013-09-14T23:00:00Z
2013,3,15,708,710,-2,1009,1035,-26,VX,399,N636VA,JFK,LAX,327,2475,7,10,2013-03-15T11:00:00Z
2013,12,28,1933,1935,-2,2222,2253,-31,DL,1435,N954DL,LGA,TPA,147,1010,19,35,2013-12-29T00:00:00Z
2013,10,21,1832,1830,2,2139,2157,-18,UA,389,N518UA,JFK,SFO,340,2586,18,30,2013-10-21T22:00:00Z
2013,4,16,1458,1459,-1,1656,1718,-22,B6,1275,N258JB,JFK,CHS,93,636,14,59,2013-04-16T18:00:00Z
2013,2,23,1905,1915,-10,2215,2230,-15,DL,1729,N373DA,JFK,LAS,320,2248,19,15,2013-02-24T00:00:00Z
2013,5,26,1025,1030,-5,1219,1242,-23,DL,2343,N302DQ,EWR,ATL,96,746,10,30,2013-05-26T14:00:00Z
2013,9,19,721,725,-4,917,945,-28,MQ,3547,N735MQ,LGA,XNA,153,1147,7,25,2013-09-19T11:00:00Z
2013,9,11,1000,1005,-5,1204,1236,-32,B6,411,N524JB,JFK,LAS,284,2248,10,5,2013-09-11T14:00:00Z
2013,8,1,1329,1255,34,1605,1541,24,UA,1641,N34131,EWR,MCO,134,937,12,55,2013-08-01T16:00:00Z
2013,6,21,2027,2028,-1,2305,2339,-34,UA,1682,N76269,EWR,FLL,143,1065,20,28,2013-06-22T00:00:00Z
2013,7,2,1944,1815,89,2144,2056,48,UA,244,N403UA,EWR,LAS,269,2227,18,15,2013-07-02T22:00:00Z
2013,8,6,936,930,6,1217,1230,-13,WN,1983,N294WN,EWR,AUS,203,1504,9,30,2013-08-06T13:00:00Z
2013,12,7,1642,1645,-3,2017,2010,7,AA,181,N328AA,JFK,LAX,366,2475,16,45,2013-12-07T21:00:00Z
2013,4,17,555,600,-5,704,711,-7,EV,5716,N877AS,JFK,IAD,49,228,6,0,2013-04-17T10:00:00Z
2013,1,25,NA,1940,NA,NA,2125,NA,MQ,3783,N534MQ,JFK,CMH,NA,483,19,40,2013-01-26T00:00:00Z
2013,3,3,1300,1300,0,1415,1407,8,US,2175,N751UW,LGA,DCA,46,214,13,0,2013-03-03T18:00:00Z
2013,7,23,1729,1559,90,1919,1739,100,EV,5841,N13989,EWR,STL,134,872,15,59,2013-07-23T19:00:00Z
2013,7,30,1755,1759,-4,2044,2058,-14,UA,535,N596UA,JFK,LAX,325,2475,17,59,2013-07-30T21:00:00Z
2013,12,22,1959,1929,30,2058,2050,8,UA,1539,N12225,EWR,BOS,41,200,19,29,2013-12-23T00:00:00Z
2013,6,2,2153,1820,213,2350,2001,229,9E,4277,N840AY,JFK,ORF,69,290,18,20,2013-06-02T22:00:00Z
2013,12,8,603,600,3,734,743,-9,EV,4164,N13995,EWR,CLE,71,404,6,0,2013-12-08T11:00:00Z
2013,12,3,1649,1630,19,1812,1805,7,EV,5293,N724EV,LGA,ORF,46,296,16,30,2013-12-03T21:00:00Z
2013,3,15,1242,1137,65,1411,1313,58,EV,4149,N12924,EWR,RDU,65,416,11,37,2013-03-15T15:00:00Z
2013,6,1,820,816,4,1006,1017,-11,EV,4380,N23139,EWR,MSP,145,1008,8,16,2013-06-01T12:00:00Z
2013,10,16,1826,1830,-4,2031,2035,-4,DL,2057,N351NW,EWR,DTW,88,488,18,30,2013-10-16T22:00:00Z
2013,10,15,1426,1429,-3,1537,1548,-11,B6,286,N184JB,JFK,ROC,49,264,14,29,2013-10-15T18:00:00Z
2013,4,4,1654,1700,-6,1819,1821,-2,US,2183,N710UW,LGA,DCA,45,214,17,0,2013-04-04T21:00:00Z
2013,9,17,1714,1700,14,1951,1937,14,DL,1499,N984DL,LGA,ATL,112,762,17,0,2013-09-17T21:00:00Z
2013,5,24,952,1000,-8,1115,1119,-4,US,2169,N766US,LGA,DCA,44,214,10,0,2013-05-24T14:00:00Z
2013,4,1,2024,2030,-6,2138,2150,-12,WN,184,N297WN,EWR,MDW,115,711,20,30,2013-04-02T00:00:00Z
2013,10,27,1609,1615,-6,1816,1824,-8,DL,1619,N988DL,LGA,MSP,160,1020,16,15,2013-10-27T20:00:00Z
2013,12,20,2044,1953,51,2239,2203,36,EV,4370,N15572,EWR,CHS,96,628,19,53,2013-12-21T00:00:00Z
2013,12,23,1011,1015,-4,1209,1218,-9,US,893,N540UW,JFK,CLT,93,541,10,15,2013-12-23T15:00:00Z
2013,7,15,1603,1604,-1,1736,1748,-12,EV,5432,N751EV,LGA,BNA,94,764,16,4,2013-07-15T20:00:00Z
2013,4,29,2053,2030,23,2215,2150,25,WN,490,N749SW,EWR,MDW,103,711,20,30,2013-04-30T00:00:00Z
2013,5,19,1816,1759,17,2146,2107,39,UA,535,N502UA,JFK,LAX,333,2475,17,59,2013-05-19T21:00:00Z
2013,2,12,1059,1100,-1,1345,1338,7,DL,1647,N616DL,LGA,ATL,123,762,11,0,2013-02-12T16:00:00Z
2013,7,5,1051,1055,-4,1200,1221,-21,UA,1094,N77430,EWR,ORD,102,719,10,55,2013-07-05T14:00:00Z
2013,5,30,1116,1115,1,1252,1305,-13,MQ,4485,N721MQ,LGA,CMH,71,479,11,15,2013-05-30T15:00:00Z
2013,3,29,1537,1540,-3,1730,1748,-18,EV,4352,N12569,EWR,CVG,97,569,15,40,2013-03-29T19:00:00Z
2013,1,11,1232,1240,-8,1526,1540,-14,AA,1853,N4YEAA,EWR,DFW,202,1372,12,40,2013-01-11T17:00:00Z
2013,8,21,635,620,15,745,730,15,EV,6177,N12540,EWR,IAD,42,212,6,20,2013-08-21T10:00:00Z
2013,11,10,1900,1900,0,2128,2131,-3,DL,1715,N365NB,LGA,MSY,168,1183,19,0,2013-11-11T00:00:00Z
2013,11,20,1737,1735,2,2033,2055,-22,AA,2351,N389AA,JFK,MIA,149,1089,17,35,2013-11-20T22:00:00Z
2013,11,19,2152,2159,-7,2238,2301,-23,EV,4233,N15973,EWR,ALB,28,143,21,59,2013-11-20T02:00:00Z
2013,6,29,1859,1859,0,2134,2215,-41,UA,1152,N37471,EWR,PDX,315,2434,18,59,2013-06-29T22:00:00Z
2013,4,18,1836,1700,96,2008,1835,93,MQ,4255,N631MQ,JFK,BNA,111,765,17,0,2013-04-18T21:00:00Z
2013,11,8,709,714,-5,946,1007,-21,UA,1592,N73291,EWR,MCO,140,937,7,14,2013-11-08T12:00:00Z
2013,2,10,655,700,-5,923,952,-29,DL,2285,N320NB,LGA,MCO,129,950,7,0,2013-02-10T12:00:00Z
2013,12,3,1629,1559,30,1801,1732,29,UA,1572,N27213,EWR,ORD,124,719,15,59,2013-12-03T20:00:00Z
2013,11,23,639,608,31,812,751,21,EV,4120,N11189,EWR,CLE,74,404,6,8,2013-11-23T11:00:00Z
2013,5,29,831,840,-9,940,1012,-32,9E,3300,N910XJ,JFK,DCA,40,213,8,40,2013-05-29T12:00:00Z
2013,11,3,1008,1015,-7,1124,1130,-6,MQ,3611,N537MQ,EWR,ORD,112,719,10,15,2013-11-03T15:00:00Z
2013,3,26,1342,1345,-3,1712,1705,7,AA,1073,N3EUAA,LGA,MIA,168,1096,13,45,2013-03-26T17:00:00Z
2013,7,30,1614,1620,-6,1922,1945,-23,AA,1467,N3DWAA,LGA,MIA,149,1096,16,20,2013-07-30T20:00:00Z
2013,8,12,1250,1250,0,1457,1450,7,DL,1131,N324NB,LGA,DTW,93,502,12,50,2013-08-12T16:00:00Z
2013,10,25,1549,1530,19,1650,1645,5,WN,292,N498WN,EWR,MDW,107,711,15,30,2013-10-25T19:00:00Z
2013,4,14,1732,1728,4,2030,2018,12,UA,700,N496UA,EWR,IAH,201,1400,17,28,2013-04-14T21:00:00Z
2013,10,31,1352,1359,-7,1642,1714,-32,B6,213,N796JB,JFK,LGB,329,2465,13,59,2013-10-31T17:00:00Z
2013,11,15,1625,1627,-2,1845,1846,-1,EV,4294,N18556,EWR,SAV,116,708,16,27,2013-11-15T21:00:00Z
2013,12,27,1338,1340,-2,1502,1520,-18,EV,5404,N755EV,LGA,RIC,58,292,13,40,2013-12-27T18:00:00Z
2013,4,26,2215,2146,29,133,142,-9,B6,701,N247JB,JFK,SJU,184,1598,21,46,2013-04-27T01:00:00Z
2013,11,22,1938,1930,8,2246,2235,11,AA,1691,N4WTAA,EWR,DFW,217,1372,19,30,2013-11-23T00:00:00Z
2013,4,18,823,700,83,1223,1044,99,DL,1865,N713TW,JFK,SFO,350,2586,7,0,2013-04-18T11:00:00Z
2013,7,10,1350,1315,35,1525,1455,30,AA,331,N425AA,LGA,ORD,113,733,13,15,2013-07-10T17:00:00Z
2013,12,28,1435,1419,16,1722,1714,8,B6,561,N629JB,LGA,PBI,147,1035,14,19,2013-12-28T19:00:00Z
2013,5,14,557,600,-3,805,827,-22,DL,461,N695DL,LGA,ATL,100,762,6,0,2013-05-14T10:00:00Z
2013,2,15,600,600,0,653,659,-6,US,2161,N764US,LGA,DCA,42,214,6,0,2013-02-15T11:00:00Z
2013,11,6,1251,1300,-9,1414,1434,-20,EV,5378,N750EV,LGA,PIT,57,335,13,0,2013-11-06T18:00:00Z
2013,1,2,1746,1750,-4,2043,2115,-32,UA,535,N512UA,JFK,LAX,325,2475,17,50,2013-01-02T22:00:00Z
2013,7,31,1628,1625,3,1826,1839,-13,9E,3440,N919XJ,JFK,RDU,69,427,16,25,2013-07-31T20:00:00Z
2013,11,25,1225,1229,-4,1331,1335,-4,UA,377,N819UA,EWR,BOS,36,200,12,29,2013-11-25T17:00:00Z
2013,10,13,1808,1800,8,1926,1920,6,WN,318,N704SW,EWR,MDW,103,711,18,0,2013-10-13T22:00:00Z
2013,9,20,1358,1329,29,1521,1509,12,AA,331,N555AA,LGA,ORD,105,733,13,29,2013-09-20T17:00:00Z
2013,11,15,2048,2100,-12,2143,2206,-23,US,2164,N958UW,LGA,BOS,37,184,21,0,2013-11-16T02:00:00Z
2013,9,19,1658,1655,3,1807,1814,-7,EV,4113,N14570,EWR,RIC,51,277,16,55,2013-09-19T20:00:00Z
2013,8,23,1453,1455,-2,1554,1630,-36,DL,1164,N336NB,JFK,BOS,34,187,14,55,2013-08-23T18:00:00Z
2013,7,7,1337,810,327,1554,1029,325,DL,27,N3735D,JFK,ATL,101,760,8,10,2013-07-07T12:00:00Z
2013,5,13,915,915,0,1231,1234,-3,DL,2379,N338NW,LGA,FLL,156,1076,9,15,2013-05-13T13:00:00Z
2013,11,21,823,822,1,1156,1141,15,UA,1626,N37422,EWR,SAN,350,2425,8,22,2013-11-21T13:00:00Z
2013,7,9,2139,2045,54,2300,2159,61,B6,2680,N324JB,EWR,BOS,39,200,20,45,2013-07-10T00:00:00Z
2013,3,7,1745,1705,40,1917,1830,47,MQ,4410,N821MQ,JFK,DCA,50,213,17,5,2013-03-07T22:00:00Z
2013,6,23,1609,1540,29,1722,1710,12,MQ,3622,N508MQ,LGA,BNA,105,764,15,40,2013-06-23T19:00:00Z
2013,2,14,1429,1435,-6,1551,1608,-17,UA,534,N467UA,EWR,CLE,69,404,14,35,2013-02-14T19:00:00Z
2013,3,2,1455,1455,0,1822,1825,-3,AA,1769,N5FAAA,JFK,MIA,175,1089,14,55,2013-03-02T19:00:00Z
2013,5,17,1948,1955,-7,2214,2253,-39,9E,3450,N601LR,JFK,JAX,109,828,19,55,2013-05-17T23:00:00Z
2013,8,10,1505,1508,-3,1608,1622,-14,UA,1425,N78524,EWR,BOS,46,200,15,8,2013-08-10T19:00:00Z
2013,2,22,1025,1015,10,1238,1208,30,US,1081,N560UW,EWR,CLT,101,529,10,15,2013-02-22T15:00:00Z
2013,1,15,1929,1930,-1,2232,2213,19,DL,1715,N369NB,LGA,MSY,199,1183,19,30,2013-01-16T00:00:00Z
2013,7,20,1320,1250,30,1506,1450,16,DL,1131,N952DL,LGA,DTW,88,502,12,50,2013-07-20T16:00:00Z
2013,3,21,1444,1445,-1,1658,1710,-12,MQ,4669,N542MQ,LGA,ATL,109,762,14,45,2013-03-21T18:00:00Z
2013,11,23,702,625,37,1053,939,74,UA,997,N855UA,EWR,LAX,374,2454,6,25,2013-11-23T11:00:00Z
2013,2,13,2252,2005,167,11,2133,158,EV,4224,N14950,EWR,MKE,111,725,20,5,2013-02-14T01:00:00Z
2013,7,15,1355,1359,-4,1622,1636,-14,UA,1108,N12225,EWR,IAH,183,1400,13,59,2013-07-15T17:00:00Z
2013,8,19,733,739,-6,918,933,-15,EV,4691,N11184,EWR,DAY,84,533,7,39,2013-08-19T11:00:00Z
2013,10,3,1035,1030,5,1341,1340,1,VX,187,N633VA,EWR,SFO,348,2565,10,30,2013-10-03T14:00:00Z
2013,7,13,1258,1300,-2,1523,1555,-32,VX,411,N841VA,JFK,LAX,297,2475,13,0,2013-07-13T17:00:00Z
2013,3,29,924,930,-6,1224,1243,-19,B6,1639,N590JB,LGA,RSW,152,1080,9,30,2013-03-29T13:00:00Z
2013,1,2,600,600,0,747,735,12,UA,1280,N62631,LGA,ORD,125,733,6,0,2013-01-02T11:00:00Z
2013,6,12,703,645,18,855,853,2,B6,117,N231JB,JFK,MSY,151,1182,6,45,2013-06-12T10:00:00Z
2013,2,12,920,920,0,1123,1125,-2,MQ,4582,N542MQ,LGA,CLT,90,544,9,20,2013-02-12T14:00:00Z
2013,9,13,1629,1630,-1,1958,2000,-2,VX,27,N836VA,JFK,SFO,337,2586,16,30,2013-09-13T20:00:00Z
2013,11,7,1750,1700,50,2011,1913,58,9E,3932,N8783E,EWR,CVG,107,569,17,0,2013-11-07T22:00:00Z
2013,7,26,1244,1249,-5,1529,1541,-12,UA,824,N407UA,LGA,IAH,181,1416,12,49,2013-07-26T16:00:00Z
2013,4,19,114,2146,208,446,142,184,B6,701,N317JB,JFK,SJU,197,1598,21,46,2013-04-20T01:00:00Z
2013,8,25,1055,1100,-5,1152,1215,-23,US,2177,N961UW,LGA,DCA,39,214,11,0,2013-08-25T15:00:00Z
2013,2,20,625,630,-5,752,810,-18,AA,303,N3BKAA,LGA,ORD,120,733,6,30,2013-02-20T11:00:00Z
2013,2,6,1635,1639,-4,1736,1753,-17,B6,1176,N178JB,EWR,BOS,39,200,16,39,2013-02-06T21:00:00Z
2013,10,27,1230,1229,1,1506,1536,-30,UA,1280,N15712,LGA,IAH,197,1416,12,29,2013-10-27T16:00:00Z
2013,3,22,1132,1135,-3,1443,1449,-6,DL,2044,N979DL,LGA,MIA,151,1096,11,35,2013-03-22T15:00:00Z
2013,3,16,1011,1015,-4,1246,1240,6,US,75,N657AW,EWR,PHX,314,2133,10,15,2013-03-16T14:00:00Z
2013,9,17,2352,2359,-7,403,350,13,B6,745,N796JB,JFK,PSE,202,1617,23,59,2013-09-18T03:00:00Z
2013,10,9,1151,1155,-4,1452,1507,-15,UA,1212,N17229,EWR,SFO,329,2565,11,55,2013-10-09T15:00:00Z
2013,11,23,957,1000,-3,1228,1222,6,9E,3533,N272PQ,LGA,CVG,112,585,10,0,2013-11-23T15:00:00Z
2013,2,28,730,729,1,1014,1023,-9,UA,1607,N73283,EWR,MCO,143,937,7,29,2013-02-28T12:00:00Z
2013,8,10,1356,1355,1,1604,1617,-13,FL,604,N970AT,LGA,ATL,108,762,13,55,2013-08-10T17:00:00Z
2013,7,18,1056,900,116,1301,1120,101,DL,485,N321NB,EWR,ATL,101,746,9,0,2013-07-18T13:00:00Z
2013,10,23,1319,1325,-6,1557,1623,-26,UA,1054,N33103,EWR,LAX,319,2454,13,25,2013-10-23T17:00:00Z
2013,5,23,806,815,-9,1017,1008,9,US,1101,N127UW,EWR,CLT,80,529,8,15,2013-05-23T12:00:00Z
2013,8,8,1955,1712,163,2310,2022,168,UA,1078,N76505,EWR,SAT,204,1569,17,12,2013-08-08T21:00:00Z
2013,10,20,1737,1740,-3,1939,1931,8,EV,3843,N16571,EWR,CMH,78,463,17,40,2013-10-20T21:00:00Z
2013,9,4,1952,1945,7,2227,2305,-38,DL,1768,N6705Y,JFK,SLC,257,1990,19,45,2013-09-04T23:00:00Z
2013,5,4,2126,2136,-10,2219,2246,-27,EV,3807,N14993,EWR,PVD,34,160,21,36,2013-05-05T01:00:00Z
2013,7,24,2008,1830,98,2105,1940,85,MQ,3044,N651MQ,JFK,BWI,39,184,18,30,2013-07-24T22:00:00Z
2013,9,25,1934,1945,-11,2034,2106,-32,9E,3864,N8933B,JFK,PHL,25,94,19,45,2013-09-25T23:00:00Z
2013,10,10,805,808,-3,919,929,-10,B6,2702,N337JB,JFK,BUF,52,301,8,8,2013-10-10T12:00:00Z
2013,8,12,1551,1600,-9,1714,1718,-4,US,2154,N951UW,LGA,BOS,37,184,16,0,2013-08-12T20:00:00Z
2013,5,12,1647,1600,47,1935,1951,-16,DL,2065,N705TW,JFK,SFO,311,2586,16,0,2013-05-12T20:00:00Z
2013,6,20,1855,1900,-5,2027,2027,0,EV,4131,N21144,EWR,RIC,53,277,19,0,2013-06-20T23:00:00Z
2013,9,4,1023,1029,-6,1204,1239,-35,US,604,N653AW,EWR,PHX,265,2133,10,29,2013-09-04T14:00:00Z
2013,4,16,2118,1700,258,9,1955,254,AA,257,N3ASAA,JFK,LAS,321,2248,17,0,2013-04-16T21:00:00Z
2013,12,20,2027,2000,27,2340,2240,60,DL,1147,N959DL,LGA,ATL,130,762,20,0,2013-12-21T01:00:00Z
2013,11,20,854,900,-6,1011,1016,-5,US,2140,N961UW,LGA,BOS,37,184,9,0,2013-11-20T14:00:00Z